country,date,sector,MtCO2 per day
Brazil,01/01/2022,Power,0.173988
China,01/01/2022,Power,17.5646
EU27 & UK,01/01/2022,Power,1.41387
France,01/01/2022,Power,0.04917
Germany,01/01/2022,Power,0.305948
India,01/01/2022,Power,3.5484
Italy,01/01/2022,Power,0.138942
Japan,01/01/2022,Power,1.37164
ROW,01/01/2022,Power,7.51432
Russia,01/01/2022,Power,3.31404
Spain,01/01/2022,Power,0.072849
UK,01/01/2022,Power,0.05124
US,01/01/2022,Power,3.23851
WORLD,01/01/2022,Power,38.1394
Brazil,02/01/2022,Power,0.181474
China,02/01/2022,Power,17.3832
EU27 & UK,02/01/2022,Power,1.40593
France,02/01/2022,Power,0.050479
Germany,02/01/2022,Power,0.259664
India,02/01/2022,Power,3.41404
Italy,02/01/2022,Power,0.15484
Japan,02/01/2022,Power,1.35746
ROW,02/01/2022,Power,7.74587
Russia,02/01/2022,Power,3.4556
Spain,02/01/2022,Power,0.108868
UK,02/01/2022,Power,0.056818
US,02/01/2022,Power,3.94541
WORLD,02/01/2022,Power,38.8889
Brazil,03/01/2022,Power,0.228491
China,03/01/2022,Power,17.5306
EU27 & UK,03/01/2022,Power,1.94881
France,03/01/2022,Power,0.060514
Germany,03/01/2022,Power,0.450398
India,03/01/2022,Power,3.63221
Italy,03/01/2022,Power,0.222378
Japan,03/01/2022,Power,1.31957
ROW,03/01/2022,Power,8.22242
Russia,03/01/2022,Power,3.57585
Spain,03/01/2022,Power,0.122836
UK,03/01/2022,Power,0.09272
US,03/01/2022,Power,4.481
WORLD,03/01/2022,Power,40.9389
Brazil,04/01/2022,Power,0.266253
China,04/01/2022,Power,17.8424
EU27 & UK,04/01/2022,Power,2.58356
France,04/01/2022,Power,0.091702
Germany,04/01/2022,Power,0.8205
India,04/01/2022,Power,3.7808
Italy,04/01/2022,Power,0.23729
Japan,04/01/2022,Power,1.48356
ROW,04/01/2022,Power,8.59883
Russia,04/01/2022,Power,3.6363
Spain,04/01/2022,Power,0.094298
UK,04/01/2022,Power,0.136596
US,04/01/2022,Power,4.20578
WORLD,04/01/2022,Power,42.3975
Brazil,05/01/2022,Power,0.263471
China,05/01/2022,Power,17.9955
EU27 & UK,05/01/2022,Power,2.47438
France,05/01/2022,Power,0.103501
Germany,05/01/2022,Power,0.673138
India,05/01/2022,Power,3.76234
Italy,05/01/2022,Power,0.222668
Japan,05/01/2022,Power,1.74723
ROW,05/01/2022,Power,8.76423
Russia,05/01/2022,Power,3.72684
Spain,05/01/2022,Power,0.106725
UK,05/01/2022,Power,0.182119
US,05/01/2022,Power,4.12435
WORLD,05/01/2022,Power,42.8583
Brazil,06/01/2022,Power,0.275123
China,06/01/2022,Power,18.1401
EU27 & UK,06/01/2022,Power,2.6844
France,06/01/2022,Power,0.131223
Germany,06/01/2022,Power,0.830274
India,06/01/2022,Power,3.67627
Italy,06/01/2022,Power,0.23541
Japan,06/01/2022,Power,1.94529
ROW,06/01/2022,Power,9.06081
Russia,06/01/2022,Power,3.69493
Spain,06/01/2022,Power,0.101517
UK,06/01/2022,Power,0.198482
US,06/01/2022,Power,4.55916
WORLD,06/01/2022,Power,44.036
Brazil,07/01/2022,Power,0.293673
China,07/01/2022,Power,18.2081
EU27 & UK,07/01/2022,Power,2.68606
France,07/01/2022,Power,0.128067
Germany,07/01/2022,Power,0.82701
India,07/01/2022,Power,3.68752
Italy,07/01/2022,Power,0.22806
Japan,07/01/2022,Power,1.95061
ROW,07/01/2022,Power,9.1344
Russia,07/01/2022,Power,3.59185
Spain,07/01/2022,Power,0.126899
UK,07/01/2022,Power,0.162277
US,07/01/2022,Power,4.90861
WORLD,07/01/2022,Power,44.4608
Brazil,08/01/2022,Power,0.195078
China,08/01/2022,Power,18.0862
EU27 & UK,08/01/2022,Power,2.37746
France,08/01/2022,Power,0.093484
Germany,08/01/2022,Power,0.762525
India,08/01/2022,Power,3.50685
Italy,08/01/2022,Power,0.206567
Japan,08/01/2022,Power,1.70534
ROW,08/01/2022,Power,8.76437
Russia,08/01/2022,Power,3.64741
Spain,08/01/2022,Power,0.084641
UK,08/01/2022,Power,0.112624
US,08/01/2022,Power,4.22564
WORLD,08/01/2022,Power,42.5083
Brazil,09/01/2022,Power,0.18993
China,09/01/2022,Power,17.9019
EU27 & UK,09/01/2022,Power,2.32834
France,09/01/2022,Power,0.106706
Germany,09/01/2022,Power,0.692588
India,09/01/2022,Power,3.36912
Italy,09/01/2022,Power,0.195828
Japan,09/01/2022,Power,1.54352
ROW,09/01/2022,Power,8.42873
Russia,09/01/2022,Power,3.63257
Spain,09/01/2022,Power,0.074448
UK,09/01/2022,Power,0.16643
US,09/01/2022,Power,3.92373
WORLD,09/01/2022,Power,41.3179
Brazil,10/01/2022,Power,0.238366
China,10/01/2022,Power,18.2081
EU27 & UK,10/01/2022,Power,3.51691
France,10/01/2022,Power,0.18327
Germany,10/01/2022,Power,1.02407
India,10/01/2022,Power,3.49344
Italy,10/01/2022,Power,0.321442
Japan,10/01/2022,Power,1.58376
ROW,10/01/2022,Power,9.1716
Russia,10/01/2022,Power,3.83473
Spain,10/01/2022,Power,0.13414
UK,10/01/2022,Power,0.296313
US,10/01/2022,Power,4.84022
WORLD,10/01/2022,Power,44.8871
Brazil,11/01/2022,Power,0.27687
China,11/01/2022,Power,17.9388
EU27 & UK,11/01/2022,Power,3.64588
France,11/01/2022,Power,0.183286
Germany,11/01/2022,Power,1.03603
India,11/01/2022,Power,3.50255
Italy,11/01/2022,Power,0.340494
Japan,11/01/2022,Power,1.91463
ROW,11/01/2022,Power,9.37522
Russia,11/01/2022,Power,3.96557
Spain,11/01/2022,Power,0.150871
UK,11/01/2022,Power,0.308019
US,11/01/2022,Power,4.70554
WORLD,11/01/2022,Power,45.325
Brazil,12/01/2022,Power,0.274256
China,12/01/2022,Power,18.0465
EU27 & UK,12/01/2022,Power,3.67114
France,12/01/2022,Power,0.187762
Germany,12/01/2022,Power,1.03846
India,12/01/2022,Power,3.53592
Italy,12/01/2022,Power,0.356907
Japan,12/01/2022,Power,1.91377
ROW,12/01/2022,Power,9.26953
Russia,12/01/2022,Power,4.05076
Spain,12/01/2022,Power,0.150565
UK,12/01/2022,Power,0.330481
US,12/01/2022,Power,4.67225
WORLD,12/01/2022,Power,45.4341
Brazil,13/01/2022,Power,0.281923
China,13/01/2022,Power,17.8764
EU27 & UK,13/01/2022,Power,3.45792
France,13/01/2022,Power,0.185354
Germany,13/01/2022,Power,0.931562
India,13/01/2022,Power,3.5347
Italy,13/01/2022,Power,0.355816
Japan,13/01/2022,Power,1.97224
ROW,13/01/2022,Power,9.18607
Russia,13/01/2022,Power,4.06554
Spain,13/01/2022,Power,0.193534
UK,13/01/2022,Power,0.310335
US,13/01/2022,Power,4.56669
WORLD,13/01/2022,Power,44.9415
Brazil,14/01/2022,Power,0.265179
China,14/01/2022,Power,17.797
EU27 & UK,14/01/2022,Power,3.54851
France,14/01/2022,Power,0.188434
Germany,14/01/2022,Power,0.956239
India,14/01/2022,Power,3.40017
Italy,14/01/2022,Power,0.372855
Japan,14/01/2022,Power,1.96472
ROW,14/01/2022,Power,9.43378
Russia,14/01/2022,Power,3.94512
Spain,14/01/2022,Power,0.216036
UK,14/01/2022,Power,0.332365
US,14/01/2022,Power,4.16792
WORLD,14/01/2022,Power,44.5224
Brazil,15/01/2022,Power,0.250994
China,15/01/2022,Power,17.5532
EU27 & UK,15/01/2022,Power,3.33327
France,15/01/2022,Power,0.168389
Germany,15/01/2022,Power,0.976199
India,15/01/2022,Power,3.35414
Italy,15/01/2022,Power,0.29013
Japan,15/01/2022,Power,1.74839
ROW,15/01/2022,Power,8.9758
Russia,15/01/2022,Power,3.87532
Spain,15/01/2022,Power,0.165364
UK,15/01/2022,Power,0.288835
US,15/01/2022,Power,4.37983
WORLD,15/01/2022,Power,43.471
Brazil,16/01/2022,Power,0.234532
China,16/01/2022,Power,17.6355
EU27 & UK,16/01/2022,Power,2.71587
France,16/01/2022,Power,0.145503
Germany,16/01/2022,Power,0.738189
India,16/01/2022,Power,3.31804
Italy,16/01/2022,Power,0.265759
Japan,16/01/2022,Power,1.60368
ROW,16/01/2022,Power,8.76307
Russia,16/01/2022,Power,3.79578
Spain,16/01/2022,Power,0.161146
UK,16/01/2022,Power,0.185519
US,16/01/2022,Power,4.85924
WORLD,16/01/2022,Power,42.9257
Brazil,17/01/2022,Power,0.251996
China,17/01/2022,Power,17.6071
EU27 & UK,17/01/2022,Power,3.22459
France,17/01/2022,Power,0.163019
Germany,17/01/2022,Power,0.772891
India,17/01/2022,Power,3.56256
Italy,17/01/2022,Power,0.386737
Japan,17/01/2022,Power,1.82796
ROW,17/01/2022,Power,9.67907
Russia,17/01/2022,Power,3.98277
Spain,17/01/2022,Power,0.21119
UK,17/01/2022,Power,0.297185
US,17/01/2022,Power,4.80749
WORLD,17/01/2022,Power,44.9436
Brazil,18/01/2022,Power,0.267323
China,18/01/2022,Power,17.6808
EU27 & UK,18/01/2022,Power,3.76893
France,18/01/2022,Power,0.18396
Germany,18/01/2022,Power,1.07043
India,18/01/2022,Power,3.69588
Italy,18/01/2022,Power,0.417457
Japan,18/01/2022,Power,1.9332
ROW,18/01/2022,Power,9.57131
Russia,18/01/2022,Power,3.97902
Spain,18/01/2022,Power,0.213941
UK,18/01/2022,Power,0.306634
US,18/01/2022,Power,4.44194
WORLD,18/01/2022,Power,45.3384
Brazil,19/01/2022,Power,0.283791
China,19/01/2022,Power,17.6298
EU27 & UK,19/01/2022,Power,3.39437
France,19/01/2022,Power,0.185754
Germany,19/01/2022,Power,0.892469
India,19/01/2022,Power,3.77707
Italy,19/01/2022,Power,0.420781
Japan,19/01/2022,Power,1.9788
ROW,19/01/2022,Power,9.395
Russia,19/01/2022,Power,4.01913
Spain,19/01/2022,Power,0.219368
UK,19/01/2022,Power,0.222844
US,19/01/2022,Power,4.24433
WORLD,19/01/2022,Power,44.7223
Brazil,20/01/2022,Power,0.288783
China,20/01/2022,Power,17.5419
EU27 & UK,20/01/2022,Power,3.15567
France,20/01/2022,Power,0.184209
Germany,20/01/2022,Power,0.730431
India,20/01/2022,Power,3.78213
Italy,20/01/2022,Power,0.394638
Japan,20/01/2022,Power,1.99146
ROW,20/01/2022,Power,9.36475
Russia,20/01/2022,Power,4.00672
Spain,20/01/2022,Power,0.184387
UK,20/01/2022,Power,0.289915
US,20/01/2022,Power,5.11289
WORLD,20/01/2022,Power,45.2443
Brazil,21/01/2022,Power,0.285569
China,21/01/2022,Power,17.5249
EU27 & UK,21/01/2022,Power,3.32467
France,21/01/2022,Power,0.183086
Germany,21/01/2022,Power,0.852459
India,21/01/2022,Power,3.79873
Italy,21/01/2022,Power,0.411258
Japan,21/01/2022,Power,2.00624
ROW,21/01/2022,Power,9.26927
Russia,21/01/2022,Power,3.99533
Spain,21/01/2022,Power,0.142504
UK,21/01/2022,Power,0.298898
US,21/01/2022,Power,5.50708
WORLD,21/01/2022,Power,45.7118
Brazil,22/01/2022,Power,0.302429
China,22/01/2022,Power,17.4597
EU27 & UK,22/01/2022,Power,3.15668
France,22/01/2022,Power,0.18984
Germany,22/01/2022,Power,0.836529
India,22/01/2022,Power,3.58084
Italy,22/01/2022,Power,0.325018
Japan,22/01/2022,Power,1.76509
ROW,22/01/2022,Power,8.91167
Russia,22/01/2022,Power,3.90786
Spain,22/01/2022,Power,0.161265
UK,22/01/2022,Power,0.231121
US,22/01/2022,Power,5.21048
WORLD,22/01/2022,Power,44.2948
Brazil,23/01/2022,Power,0.274137
China,23/01/2022,Power,17.3009
EU27 & UK,23/01/2022,Power,3.17566
France,23/01/2022,Power,0.171089
Germany,23/01/2022,Power,0.94469
India,23/01/2022,Power,3.50968
Italy,23/01/2022,Power,0.269419
Japan,23/01/2022,Power,1.74214
ROW,23/01/2022,Power,8.76287
Russia,23/01/2022,Power,3.85934
Spain,23/01/2022,Power,0.16997
UK,23/01/2022,Power,0.239674
US,23/01/2022,Power,4.89133
WORLD,23/01/2022,Power,43.5161
Brazil,24/01/2022,Power,0.292294
China,24/01/2022,Power,17.0855
EU27 & UK,24/01/2022,Power,3.75072
France,24/01/2022,Power,0.181778
Germany,24/01/2022,Power,1.02869
India,24/01/2022,Power,3.70741
Italy,24/01/2022,Power,0.387953
Japan,24/01/2022,Power,1.84758
ROW,24/01/2022,Power,9.58951
Russia,24/01/2022,Power,4.01896
Spain,24/01/2022,Power,0.202154
UK,24/01/2022,Power,0.336715
US,24/01/2022,Power,4.83216
WORLD,24/01/2022,Power,45.1241
Brazil,25/01/2022,Power,0.28136
China,25/01/2022,Power,17.043
EU27 & UK,25/01/2022,Power,3.96393
France,25/01/2022,Power,0.188499
Germany,25/01/2022,Power,1.05723
India,25/01/2022,Power,3.81213
Italy,25/01/2022,Power,0.422156
Japan,25/01/2022,Power,1.91996
ROW,25/01/2022,Power,10.2554
Russia,25/01/2022,Power,4.08049
Spain,25/01/2022,Power,0.224545
UK,25/01/2022,Power,0.358973
US,25/01/2022,Power,4.94945
WORLD,25/01/2022,Power,46.3057
Brazil,26/01/2022,Power,0.284561
China,26/01/2022,Power,16.6433
EU27 & UK,26/01/2022,Power,3.6034
France,26/01/2022,Power,0.1746
Germany,26/01/2022,Power,0.974939
India,26/01/2022,Power,3.64619
Italy,26/01/2022,Power,0.405748
Japan,26/01/2022,Power,1.85231
ROW,26/01/2022,Power,9.84315
Russia,26/01/2022,Power,4.10456
Spain,26/01/2022,Power,0.222236
UK,26/01/2022,Power,0.258438
US,26/01/2022,Power,5.25908
WORLD,26/01/2022,Power,45.2365
Brazil,27/01/2022,Power,0.2884
China,27/01/2022,Power,16.2691
EU27 & UK,27/01/2022,Power,3.15805
France,27/01/2022,Power,0.184901
Germany,27/01/2022,Power,0.715937
India,27/01/2022,Power,3.70882
Italy,27/01/2022,Power,0.417825
Japan,27/01/2022,Power,1.81224
ROW,27/01/2022,Power,10.0479
Russia,27/01/2022,Power,4.08407
Spain,27/01/2022,Power,0.217284
UK,27/01/2022,Power,0.220687
US,27/01/2022,Power,5.06776
WORLD,27/01/2022,Power,44.4363
Brazil,28/01/2022,Power,0.286771
China,28/01/2022,Power,15.549
EU27 & UK,28/01/2022,Power,3.06108
France,28/01/2022,Power,0.186627
Germany,28/01/2022,Power,0.734416
India,28/01/2022,Power,3.76506
Italy,28/01/2022,Power,0.358071
Japan,28/01/2022,Power,1.78885
ROW,28/01/2022,Power,9.86457
Russia,28/01/2022,Power,4.08219
Spain,28/01/2022,Power,0.153316
UK,28/01/2022,Power,0.242358
US,28/01/2022,Power,5.13831
WORLD,28/01/2022,Power,43.5359
Brazil,29/01/2022,Power,0.233476
China,29/01/2022,Power,14.9395
EU27 & UK,29/01/2022,Power,2.11435
France,29/01/2022,Power,0.13492
Germany,29/01/2022,Power,0.422208
India,29/01/2022,Power,3.78363
Italy,29/01/2022,Power,0.242121
Japan,29/01/2022,Power,1.63761
ROW,29/01/2022,Power,9.13835
Russia,29/01/2022,Power,3.86946
Spain,29/01/2022,Power,0.131874
UK,29/01/2022,Power,0.087544
US,29/01/2022,Power,5.07769
WORLD,29/01/2022,Power,40.7941
Brazil,30/01/2022,Power,0.166264
China,30/01/2022,Power,14.1628
EU27 & UK,30/01/2022,Power,2.14417
France,30/01/2022,Power,0.127971
Germany,30/01/2022,Power,0.439878
India,30/01/2022,Power,3.74126
Italy,30/01/2022,Power,0.231171
Japan,30/01/2022,Power,1.59012
ROW,30/01/2022,Power,8.84774
Russia,30/01/2022,Power,3.75833
Spain,30/01/2022,Power,0.139419
UK,30/01/2022,Power,0.168139
US,30/01/2022,Power,5.01579
WORLD,30/01/2022,Power,39.4265
Brazil,31/01/2022,Power,0.226483
China,31/01/2022,Power,14.0409
EU27 & UK,31/01/2022,Power,2.90173
France,31/01/2022,Power,0.123214
Germany,31/01/2022,Power,0.781696
India,31/01/2022,Power,3.85978
Italy,31/01/2022,Power,0.339025
Japan,31/01/2022,Power,1.79938
ROW,31/01/2022,Power,9.80595
Russia,31/01/2022,Power,3.94698
Spain,31/01/2022,Power,0.113061
UK,31/01/2022,Power,0.164806
US,31/01/2022,Power,4.77535
WORLD,31/01/2022,Power,41.3565
Brazil,01/02/2022,Power,0.233842
China,01/02/2022,Power,11.2873
EU27 & UK,01/02/2022,Power,2.76072
France,01/02/2022,Power,0.13271
Germany,01/02/2022,Power,0.6679
India,01/02/2022,Power,3.87182
Italy,01/02/2022,Power,0.318252
Japan,01/02/2022,Power,1.87147
ROW,01/02/2022,Power,9.85108
Russia,01/02/2022,Power,3.91553
Spain,01/02/2022,Power,0.112154
UK,01/02/2022,Power,0.127081
US,01/02/2022,Power,4.23229
WORLD,01/02/2022,Power,38.0241
Brazil,02/02/2022,Power,0.239712
China,02/02/2022,Power,11.174
EU27 & UK,02/02/2022,Power,3.09802
France,02/02/2022,Power,0.143887
Germany,02/02/2022,Power,0.682533
India,02/02/2022,Power,3.89545
Italy,02/02/2022,Power,0.357149
Japan,02/02/2022,Power,1.85491
ROW,02/02/2022,Power,9.62233
Russia,02/02/2022,Power,3.93111
Spain,02/02/2022,Power,0.199025
UK,02/02/2022,Power,0.200979
US,02/02/2022,Power,4.26655
WORLD,02/02/2022,Power,38.082
Brazil,03/02/2022,Power,0.224797
China,03/02/2022,Power,11.2053
EU27 & UK,03/02/2022,Power,3.34971
France,03/02/2022,Power,0.147245
Germany,03/02/2022,Power,0.886957
India,03/02/2022,Power,3.76625
Italy,03/02/2022,Power,0.36451
Japan,03/02/2022,Power,1.8827
ROW,03/02/2022,Power,9.5462
Russia,03/02/2022,Power,3.94102
Spain,03/02/2022,Power,0.21824
UK,03/02/2022,Power,0.179619
US,03/02/2022,Power,4.6206
WORLD,03/02/2022,Power,38.5366
Brazil,04/02/2022,Power,0.219476
China,04/02/2022,Power,11.0533
EU27 & UK,04/02/2022,Power,2.83796
France,04/02/2022,Power,0.134249
Germany,04/02/2022,Power,0.648153
India,04/02/2022,Power,3.84425
Italy,04/02/2022,Power,0.362375
Japan,04/02/2022,Power,1.84836
ROW,04/02/2022,Power,9.14633
Russia,04/02/2022,Power,3.94679
Spain,04/02/2022,Power,0.193823
UK,04/02/2022,Power,0.1267
US,04/02/2022,Power,4.93005
WORLD,04/02/2022,Power,37.8266
Brazil,05/02/2022,Power,0.179393
China,05/02/2022,Power,11.0292
EU27 & UK,05/02/2022,Power,1.98784
France,05/02/2022,Power,0.091565
Germany,05/02/2022,Power,0.370454
India,05/02/2022,Power,3.88523
Italy,05/02/2022,Power,0.296455
Japan,05/02/2022,Power,1.73475
ROW,05/02/2022,Power,8.69284
Russia,05/02/2022,Power,3.81253
Spain,05/02/2022,Power,0.108957
UK,05/02/2022,Power,0.077004
US,05/02/2022,Power,4.54795
WORLD,05/02/2022,Power,35.8697
Brazil,06/02/2022,Power,0.161618
China,06/02/2022,Power,11.379
EU27 & UK,06/02/2022,Power,1.7306
France,06/02/2022,Power,0.070635
Germany,06/02/2022,Power,0.310991
India,06/02/2022,Power,3.75406
Italy,06/02/2022,Power,0.231187
Japan,06/02/2022,Power,1.67382
ROW,06/02/2022,Power,8.27206
Russia,06/02/2022,Power,3.74141
Spain,06/02/2022,Power,0.104236
UK,06/02/2022,Power,0.070355
US,06/02/2022,Power,4.40998
WORLD,06/02/2022,Power,35.1225
Brazil,07/02/2022,Power,0.155445
China,07/02/2022,Power,11.8132
EU27 & UK,07/02/2022,Power,2.46735
France,07/02/2022,Power,0.142419
Germany,07/02/2022,Power,0.539993
India,07/02/2022,Power,3.93304
Italy,07/02/2022,Power,0.275434
Japan,07/02/2022,Power,1.89469
ROW,07/02/2022,Power,8.80846
Russia,07/02/2022,Power,3.93252
Spain,07/02/2022,Power,0.133989
UK,07/02/2022,Power,0.179334
US,07/02/2022,Power,4.85797
WORLD,07/02/2022,Power,37.8627
Brazil,08/02/2022,Power,0.166983
China,08/02/2022,Power,12.0786
EU27 & UK,08/02/2022,Power,2.68674
France,08/02/2022,Power,0.168659
Germany,08/02/2022,Power,0.688837
India,08/02/2022,Power,3.99061
Italy,08/02/2022,Power,0.297646
Japan,08/02/2022,Power,1.9347
ROW,08/02/2022,Power,9.33388
Russia,08/02/2022,Power,3.92125
Spain,08/02/2022,Power,0.180106
UK,08/02/2022,Power,0.144268
US,08/02/2022,Power,4.28625
WORLD,08/02/2022,Power,38.399
Brazil,09/02/2022,Power,0.176651
China,09/02/2022,Power,12.1992
EU27 & UK,09/02/2022,Power,2.9596
France,09/02/2022,Power,0.171682
Germany,09/02/2022,Power,0.782323
India,09/02/2022,Power,3.89507
Italy,09/02/2022,Power,0.35722
Japan,09/02/2022,Power,1.80201
ROW,09/02/2022,Power,9.55482
Russia,09/02/2022,Power,3.92648
Spain,09/02/2022,Power,0.202517
UK,09/02/2022,Power,0.162625
US,09/02/2022,Power,4.15626
WORLD,09/02/2022,Power,38.6701
Brazil,10/02/2022,Power,0.18041
China,10/02/2022,Power,12.163
EU27 & UK,10/02/2022,Power,3.25355
France,10/02/2022,Power,0.180237
Germany,10/02/2022,Power,0.891733
India,10/02/2022,Power,3.84894
Italy,10/02/2022,Power,0.372206
Japan,10/02/2022,Power,1.97023
ROW,10/02/2022,Power,9.65309
Russia,10/02/2022,Power,3.9958
Spain,10/02/2022,Power,0.226041
UK,10/02/2022,Power,0.185825
US,10/02/2022,Power,4.02541
WORLD,10/02/2022,Power,39.0904
Brazil,11/02/2022,Power,0.179202
China,11/02/2022,Power,12.3102
EU27 & UK,11/02/2022,Power,3.28357
France,11/02/2022,Power,0.174407
Germany,11/02/2022,Power,0.85439
India,11/02/2022,Power,3.83422
Italy,11/02/2022,Power,0.380304
Japan,11/02/2022,Power,1.74741
ROW,11/02/2022,Power,9.37345
Russia,11/02/2022,Power,4.01478
Spain,11/02/2022,Power,0.217207
UK,11/02/2022,Power,0.255059
US,11/02/2022,Power,3.43563
WORLD,11/02/2022,Power,38.1784
Brazil,12/02/2022,Power,0.103298
China,12/02/2022,Power,12.5466
EU27 & UK,12/02/2022,Power,2.52771
France,12/02/2022,Power,0.155976
Germany,12/02/2022,Power,0.734617
India,12/02/2022,Power,3.85822
Italy,12/02/2022,Power,0.303762
Japan,12/02/2022,Power,1.59387
ROW,12/02/2022,Power,8.89754
Russia,12/02/2022,Power,3.85623
Spain,12/02/2022,Power,0.175377
UK,12/02/2022,Power,0.091608
US,12/02/2022,Power,3.85175
WORLD,12/02/2022,Power,37.2352
Brazil,13/02/2022,Power,0.102036
China,13/02/2022,Power,12.4501
EU27 & UK,13/02/2022,Power,1.87239
France,13/02/2022,Power,0.093572
Germany,13/02/2022,Power,0.45044
India,13/02/2022,Power,3.76034
Italy,13/02/2022,Power,0.237566
Japan,13/02/2022,Power,1.65201
ROW,13/02/2022,Power,8.73732
Russia,13/02/2022,Power,3.7242
Spain,13/02/2022,Power,0.086154
UK,13/02/2022,Power,0.12592
US,13/02/2022,Power,4.26725
WORLD,13/02/2022,Power,36.5656
Brazil,14/02/2022,Power,0.161018
China,14/02/2022,Power,12.4959
EU27 & UK,14/02/2022,Power,2.53084
France,14/02/2022,Power,0.139191
Germany,14/02/2022,Power,0.630251
India,14/02/2022,Power,3.85035
Italy,14/02/2022,Power,0.354798
Japan,14/02/2022,Power,1.80676
ROW,14/02/2022,Power,9.64329
Russia,14/02/2022,Power,3.93469
Spain,14/02/2022,Power,0.104314
UK,14/02/2022,Power,0.163109
US,14/02/2022,Power,4.5947
WORLD,14/02/2022,Power,39.0176
Brazil,15/02/2022,Power,0.183851
China,15/02/2022,Power,12.6214
EU27 & UK,15/02/2022,Power,2.80647
France,15/02/2022,Power,0.141786
Germany,15/02/2022,Power,0.781002
India,15/02/2022,Power,3.92057
Italy,15/02/2022,Power,0.344184
Japan,15/02/2022,Power,1.8476
ROW,15/02/2022,Power,9.76112
Russia,15/02/2022,Power,3.92413
Spain,15/02/2022,Power,0.126715
UK,15/02/2022,Power,0.175499
US,15/02/2022,Power,4.099
WORLD,15/02/2022,Power,39.1641
Brazil,16/02/2022,Power,0.181682
China,16/02/2022,Power,12.713
EU27 & UK,16/02/2022,Power,2.28609
France,16/02/2022,Power,0.068801
Germany,16/02/2022,Power,0.55954
India,16/02/2022,Power,3.97477
Italy,16/02/2022,Power,0.347153
Japan,16/02/2022,Power,1.83414
ROW,16/02/2022,Power,9.96037
Russia,16/02/2022,Power,3.93454
Spain,16/02/2022,Power,0.102157
UK,16/02/2022,Power,0.09617
US,16/02/2022,Power,3.59403
WORLD,16/02/2022,Power,38.4786
Brazil,17/02/2022,Power,0.186282
China,17/02/2022,Power,13.0435
EU27 & UK,17/02/2022,Power,2.16081
France,17/02/2022,Power,0.080605
Germany,17/02/2022,Power,0.414572
India,17/02/2022,Power,3.94279
Italy,17/02/2022,Power,0.332017
Japan,17/02/2022,Power,1.92681
ROW,17/02/2022,Power,9.87963
Russia,17/02/2022,Power,3.91331
Spain,17/02/2022,Power,0.14679
UK,17/02/2022,Power,0.101165
US,17/02/2022,Power,3.73444
WORLD,17/02/2022,Power,38.7876
Brazil,18/02/2022,Power,0.190322
China,18/02/2022,Power,13.4054
EU27 & UK,18/02/2022,Power,2.25901
France,18/02/2022,Power,0.070137
Germany,18/02/2022,Power,0.509309
India,18/02/2022,Power,3.91017
Italy,18/02/2022,Power,0.330808
Japan,18/02/2022,Power,1.86951
ROW,18/02/2022,Power,9.7752
Russia,18/02/2022,Power,3.81859
Spain,18/02/2022,Power,0.113538
UK,18/02/2022,Power,0.122812
US,18/02/2022,Power,4.13105
WORLD,18/02/2022,Power,39.3592
Brazil,19/02/2022,Power,0.197719
China,19/02/2022,Power,13.6032
EU27 & UK,19/02/2022,Power,1.80311
France,19/02/2022,Power,0.053665
Germany,19/02/2022,Power,0.353468
India,19/02/2022,Power,3.86601
Italy,19/02/2022,Power,0.250774
Japan,19/02/2022,Power,1.79335
ROW,19/02/2022,Power,9.18844
Russia,19/02/2022,Power,3.67081
Spain,19/02/2022,Power,0.086184
UK,19/02/2022,Power,0.140475
US,19/02/2022,Power,3.9499
WORLD,19/02/2022,Power,38.0725
Brazil,20/02/2022,Power,0.176335
China,20/02/2022,Power,13.4681
EU27 & UK,20/02/2022,Power,1.6425
France,20/02/2022,Power,0.053256
Germany,20/02/2022,Power,0.329705
India,20/02/2022,Power,3.74646
Italy,20/02/2022,Power,0.207034
Japan,20/02/2022,Power,1.58049
ROW,20/02/2022,Power,8.88861
Russia,20/02/2022,Power,3.59161
Spain,20/02/2022,Power,0.10064
UK,20/02/2022,Power,0.083833
US,20/02/2022,Power,3.36866
WORLD,20/02/2022,Power,36.4628
Brazil,21/02/2022,Power,0.183275
China,21/02/2022,Power,13.8348
EU27 & UK,21/02/2022,Power,2.15006
France,21/02/2022,Power,0.082778
Germany,21/02/2022,Power,0.446688
India,21/02/2022,Power,3.87219
Italy,21/02/2022,Power,0.283863
Japan,21/02/2022,Power,1.91103
ROW,21/02/2022,Power,9.5525
Russia,21/02/2022,Power,3.74458
Spain,21/02/2022,Power,0.118345
UK,21/02/2022,Power,0.153571
US,21/02/2022,Power,3.45107
WORLD,21/02/2022,Power,38.6995
Brazil,22/02/2022,Power,0.183169
China,22/02/2022,Power,14.076
EU27 & UK,22/02/2022,Power,2.43815
France,22/02/2022,Power,0.121811
Germany,22/02/2022,Power,0.642773
India,22/02/2022,Power,3.87509
Italy,22/02/2022,Power,0.273511
Japan,22/02/2022,Power,1.9455
ROW,22/02/2022,Power,9.89825
Russia,22/02/2022,Power,3.69046
Spain,22/02/2022,Power,0.129738
UK,22/02/2022,Power,0.130914
US,22/02/2022,Power,3.66131
WORLD,22/02/2022,Power,39.7679
Brazil,23/02/2022,Power,0.185688
China,23/02/2022,Power,14.2207
EU27 & UK,23/02/2022,Power,2.59595
France,23/02/2022,Power,0.147241
Germany,23/02/2022,Power,0.714524
India,23/02/2022,Power,3.91269
Italy,23/02/2022,Power,0.273549
Japan,23/02/2022,Power,1.84842
ROW,23/02/2022,Power,10.1606
Russia,23/02/2022,Power,3.51508
Spain,23/02/2022,Power,0.159713
UK,23/02/2022,Power,0.134416
US,23/02/2022,Power,4.39774
WORLD,23/02/2022,Power,40.8369
Brazil,24/02/2022,Power,0.194915
China,24/02/2022,Power,13.9867
EU27 & UK,24/02/2022,Power,2.49735
France,24/02/2022,Power,0.112618
Germany,24/02/2022,Power,0.706629
India,24/02/2022,Power,3.98142
Italy,24/02/2022,Power,0.322618
Japan,24/02/2022,Power,1.87249
ROW,24/02/2022,Power,10.1923
Russia,24/02/2022,Power,3.60225
Spain,24/02/2022,Power,0.147946
UK,24/02/2022,Power,0.112918
US,24/02/2022,Power,4.96966
WORLD,24/02/2022,Power,41.2971
Brazil,25/02/2022,Power,0.194413
China,25/02/2022,Power,13.5453
EU27 & UK,25/02/2022,Power,2.51933
France,25/02/2022,Power,0.106952
Germany,25/02/2022,Power,0.680907
India,25/02/2022,Power,3.97288
Italy,25/02/2022,Power,0.307924
Japan,25/02/2022,Power,1.75066
ROW,25/02/2022,Power,9.94002
Russia,25/02/2022,Power,3.54942
Spain,25/02/2022,Power,0.102624
UK,25/02/2022,Power,0.181395
US,25/02/2022,Power,4.87358
WORLD,25/02/2022,Power,40.3456
Brazil,26/02/2022,Power,0.164899
China,26/02/2022,Power,13.2558
EU27 & UK,26/02/2022,Power,2.62733
France,26/02/2022,Power,0.130708
Germany,26/02/2022,Power,0.869312
India,26/02/2022,Power,3.87154
Italy,26/02/2022,Power,0.214326
Japan,26/02/2022,Power,1.45771
ROW,26/02/2022,Power,9.32435
Russia,26/02/2022,Power,3.48158
Spain,26/02/2022,Power,0.135037
UK,26/02/2022,Power,0.104951
US,26/02/2022,Power,4.41418
WORLD,26/02/2022,Power,38.5974
Brazil,27/02/2022,Power,0.152996
China,27/02/2022,Power,12.7203
EU27 & UK,27/02/2022,Power,2.21319
France,27/02/2022,Power,0.092074
Germany,27/02/2022,Power,0.731613
India,27/02/2022,Power,3.69677
Italy,27/02/2022,Power,0.178154
Japan,27/02/2022,Power,1.36432
ROW,27/02/2022,Power,8.92564
Russia,27/02/2022,Power,3.40038
Spain,27/02/2022,Power,0.145869
UK,27/02/2022,Power,0.065476
US,27/02/2022,Power,4.08617
WORLD,27/02/2022,Power,36.5597
Brazil,28/02/2022,Power,0.164772
China,28/02/2022,Power,12.8192
EU27 & UK,28/02/2022,Power,2.9987
France,28/02/2022,Power,0.161895
Germany,28/02/2022,Power,0.871819
India,28/02/2022,Power,3.88447
Italy,28/02/2022,Power,0.313174
Japan,28/02/2022,Power,1.54762
ROW,28/02/2022,Power,9.70343
Russia,28/02/2022,Power,3.5883
Spain,28/02/2022,Power,0.171232
UK,28/02/2022,Power,0.181133
US,28/02/2022,Power,4.10622
WORLD,28/02/2022,Power,38.8127
Brazil,01/01/2023,Power,0.071999
China,01/01/2023,Power,19.0641
EU27 & UK,01/01/2023,Power,1.26604
France,01/01/2023,Power,0.047555
Germany,01/01/2023,Power,0.245589
India,01/01/2023,Power,4.1434
Italy,01/01/2023,Power,0.211402
Japan,01/01/2023,Power,1.13848
ROW,01/01/2023,Power,7.06884
Russia,01/01/2023,Power,3.30673
Spain,01/01/2023,Power,0.047262
UK,01/01/2023,Power,0.085342
US,01/01/2023,Power,3.47166
WORLD,01/01/2023,Power,39.5312
Brazil,02/01/2023,Power,0.099984
China,02/01/2023,Power,19.0896
EU27 & UK,02/01/2023,Power,1.9317
France,02/01/2023,Power,0.057882
Germany,02/01/2023,Power,0.491993
India,02/01/2023,Power,4.26799
Italy,02/01/2023,Power,0.269897
Japan,02/01/2023,Power,1.1877
ROW,02/01/2023,Power,7.42031
Russia,02/01/2023,Power,3.37019
Spain,02/01/2023,Power,0.100821
UK,02/01/2023,Power,0.134236
US,02/01/2023,Power,3.42677
WORLD,02/01/2023,Power,40.7942
Brazil,03/01/2023,Power,0.11579
China,03/01/2023,Power,19.3639
EU27 & UK,03/01/2023,Power,2.27887
France,03/01/2023,Power,0.086877
Germany,03/01/2023,Power,0.696408
India,03/01/2023,Power,4.31459
Italy,03/01/2023,Power,0.256642
Japan,03/01/2023,Power,1.23818
ROW,03/01/2023,Power,7.85878
Russia,03/01/2023,Power,3.48564
Spain,03/01/2023,Power,0.112192
UK,03/01/2023,Power,0.097147
US,03/01/2023,Power,3.63933
WORLD,03/01/2023,Power,42.2951
Brazil,04/01/2023,Power,0.115017
China,04/01/2023,Power,19.466
EU27 & UK,04/01/2023,Power,1.78155
France,04/01/2023,Power,0.05025
Germany,04/01/2023,Power,0.381546
India,04/01/2023,Power,4.20178
Italy,04/01/2023,Power,0.22792
Japan,04/01/2023,Power,1.39117
ROW,04/01/2023,Power,8.09368
Russia,04/01/2023,Power,3.57031
Spain,04/01/2023,Power,0.096732
UK,04/01/2023,Power,0.058851
US,04/01/2023,Power,3.8257
WORLD,04/01/2023,Power,42.4452
Brazil,05/01/2023,Power,0.088212
China,05/01/2023,Power,19.1566
EU27 & UK,05/01/2023,Power,2.10442
France,05/01/2023,Power,0.083107
Germany,05/01/2023,Power,0.563865
India,05/01/2023,Power,4.21775
Italy,05/01/2023,Power,0.239496
Japan,05/01/2023,Power,1.55597
ROW,05/01/2023,Power,7.99083
Russia,05/01/2023,Power,3.7059
Spain,05/01/2023,Power,0.108497
UK,05/01/2023,Power,0.112068
US,05/01/2023,Power,3.88782
WORLD,05/01/2023,Power,42.7075
Brazil,06/01/2023,Power,0.078898
China,06/01/2023,Power,18.8759
EU27 & UK,06/01/2023,Power,1.92378
France,06/01/2023,Power,0.065918
Germany,06/01/2023,Power,0.573617
India,06/01/2023,Power,4.29508
Italy,06/01/2023,Power,0.18552
Japan,06/01/2023,Power,1.66125
ROW,06/01/2023,Power,7.63305
Russia,06/01/2023,Power,3.80057
Spain,06/01/2023,Power,0.071132
UK,06/01/2023,Power,0.089286
US,06/01/2023,Power,4.17039
WORLD,06/01/2023,Power,42.4389
Brazil,07/01/2023,Power,0.086993
China,07/01/2023,Power,18.7514
EU27 & UK,07/01/2023,Power,1.58369
France,07/01/2023,Power,0.048368
Germany,07/01/2023,Power,0.371508
India,07/01/2023,Power,4.431
Italy,07/01/2023,Power,0.20003
Japan,07/01/2023,Power,1.56207
ROW,07/01/2023,Power,7.58325
Russia,07/01/2023,Power,3.82844
Spain,07/01/2023,Power,0.049017
UK,07/01/2023,Power,0.049839
US,07/01/2023,Power,4.17486
WORLD,07/01/2023,Power,42.0017
Brazil,08/01/2023,Power,0.111585
China,08/01/2023,Power,18.1772
EU27 & UK,08/01/2023,Power,1.45228
France,08/01/2023,Power,0.04853
Germany,08/01/2023,Power,0.335112
India,08/01/2023,Power,4.30998
Italy,08/01/2023,Power,0.171445
Japan,08/01/2023,Power,1.39463
ROW,08/01/2023,Power,7.52507
Russia,08/01/2023,Power,3.97979
Spain,08/01/2023,Power,0.046867
UK,08/01/2023,Power,0.05997
US,08/01/2023,Power,4.19359
WORLD,08/01/2023,Power,41.1442
Brazil,09/01/2023,Power,0.111508
China,09/01/2023,Power,18.0369
EU27 & UK,09/01/2023,Power,2.09433
France,09/01/2023,Power,0.070689
Germany,09/01/2023,Power,0.660953
India,09/01/2023,Power,4.41976
Italy,09/01/2023,Power,0.210679
Japan,09/01/2023,Power,1.46149
ROW,09/01/2023,Power,8.33379
Russia,09/01/2023,Power,4.25109
Spain,09/01/2023,Power,0.066965
UK,09/01/2023,Power,0.079995
US,09/01/2023,Power,4.02695
WORLD,09/01/2023,Power,42.7358
Brazil,10/01/2023,Power,0.092009
China,10/01/2023,Power,17.8359
EU27 & UK,10/01/2023,Power,2.25656
France,10/01/2023,Power,0.06552
Germany,10/01/2023,Power,0.737457
India,10/01/2023,Power,4.41095
Italy,10/01/2023,Power,0.221673
Japan,10/01/2023,Power,1.66236
ROW,10/01/2023,Power,8.51082
Russia,10/01/2023,Power,4.33973
Spain,10/01/2023,Power,0.078475
UK,10/01/2023,Power,0.073897
US,10/01/2023,Power,4.14624
WORLD,10/01/2023,Power,43.2545
Brazil,11/01/2023,Power,0.092649
China,11/01/2023,Power,17.5041
EU27 & UK,11/01/2023,Power,2.0579
France,11/01/2023,Power,0.051596
Germany,11/01/2023,Power,0.599422
India,11/01/2023,Power,4.44237
Italy,11/01/2023,Power,0.270299
Japan,11/01/2023,Power,1.70193
ROW,11/01/2023,Power,8.58698
Russia,11/01/2023,Power,4.31314
Spain,11/01/2023,Power,0.083489
UK,11/01/2023,Power,0.063185
US,11/01/2023,Power,4.39144
WORLD,11/01/2023,Power,43.0905
Brazil,12/01/2023,Power,0.102669
China,12/01/2023,Power,17.1053
EU27 & UK,12/01/2023,Power,1.84878
France,12/01/2023,Power,0.050728
Germany,12/01/2023,Power,0.425937
India,12/01/2023,Power,4.41307
Italy,12/01/2023,Power,0.287687
Japan,12/01/2023,Power,1.68075
ROW,12/01/2023,Power,8.58075
Russia,12/01/2023,Power,4.28744
Spain,12/01/2023,Power,0.083227
UK,12/01/2023,Power,0.062309
US,12/01/2023,Power,4.04686
WORLD,12/01/2023,Power,42.0657
Brazil,13/01/2023,Power,0.117355
China,13/01/2023,Power,16.7417
EU27 & UK,13/01/2023,Power,1.86608
France,13/01/2023,Power,0.054113
Germany,13/01/2023,Power,0.381688
India,13/01/2023,Power,4.43812
Italy,13/01/2023,Power,0.29832
Japan,13/01/2023,Power,1.64968
ROW,13/01/2023,Power,8.37382
Russia,13/01/2023,Power,4.22674
Spain,13/01/2023,Power,0.083151
UK,13/01/2023,Power,0.07705
US,13/01/2023,Power,3.89497
WORLD,13/01/2023,Power,41.3084
Brazil,14/01/2023,Power,0.11695
China,14/01/2023,Power,16.5375
EU27 & UK,14/01/2023,Power,1.46082
France,14/01/2023,Power,0.04618
Germany,14/01/2023,Power,0.29576
India,14/01/2023,Power,4.21004
Italy,14/01/2023,Power,0.218294
Japan,14/01/2023,Power,1.45979
ROW,14/01/2023,Power,7.83822
Russia,14/01/2023,Power,4.05755
Spain,14/01/2023,Power,0.052465
UK,14/01/2023,Power,0.049233
US,14/01/2023,Power,4.53264
WORLD,14/01/2023,Power,40.2135
Brazil,15/01/2023,Power,0.115979
China,15/01/2023,Power,16.6779
EU27 & UK,15/01/2023,Power,1.43251
France,15/01/2023,Power,0.047136
Germany,15/01/2023,Power,0.304603
India,15/01/2023,Power,4.03276
Italy,15/01/2023,Power,0.188748
Japan,15/01/2023,Power,1.35578
ROW,15/01/2023,Power,7.23857
Russia,15/01/2023,Power,3.95391
Spain,15/01/2023,Power,0.040515
UK,15/01/2023,Power,0.118799
US,15/01/2023,Power,4.18972
WORLD,15/01/2023,Power,38.9971
Brazil,16/01/2023,Power,0.120403
China,16/01/2023,Power,16.7257
EU27 & UK,16/01/2023,Power,2.28423
France,16/01/2023,Power,0.087677
Germany,16/01/2023,Power,0.686241
India,16/01/2023,Power,4.19129
Italy,16/01/2023,Power,0.260745
Japan,16/01/2023,Power,1.67356
ROW,16/01/2023,Power,8.3218
Russia,16/01/2023,Power,4.06941
Spain,16/01/2023,Power,0.044204
UK,16/01/2023,Power,0.210838
US,16/01/2023,Power,3.89189
WORLD,16/01/2023,Power,41.2783
Brazil,17/01/2023,Power,0.110902
China,17/01/2023,Power,16.7162
EU27 & UK,17/01/2023,Power,2.70383
France,17/01/2023,Power,0.130481
Germany,17/01/2023,Power,0.85993
India,17/01/2023,Power,4.27998
Italy,17/01/2023,Power,0.28104
Japan,17/01/2023,Power,1.74415
ROW,17/01/2023,Power,8.64888
Russia,17/01/2023,Power,3.97946
Spain,17/01/2023,Power,0.039424
UK,17/01/2023,Power,0.262884
US,17/01/2023,Power,4.09903
WORLD,17/01/2023,Power,42.2824
Brazil,18/01/2023,Power,0.124629
China,18/01/2023,Power,15.9697
EU27 & UK,18/01/2023,Power,2.86877
France,18/01/2023,Power,0.119881
Germany,18/01/2023,Power,0.982245
India,18/01/2023,Power,4.36794
Italy,18/01/2023,Power,0.291789
Japan,18/01/2023,Power,1.7308
ROW,18/01/2023,Power,8.77009
Russia,18/01/2023,Power,3.99919
Spain,18/01/2023,Power,0.049111
UK,18/01/2023,Power,0.220357
US,18/01/2023,Power,4.16391
WORLD,18/01/2023,Power,41.995
Brazil,19/01/2023,Power,0.129699
China,19/01/2023,Power,15.5007
EU27 & UK,19/01/2023,Power,2.96558
France,19/01/2023,Power,0.112382
Germany,19/01/2023,Power,0.972203
India,19/01/2023,Power,4.37309
Italy,19/01/2023,Power,0.322409
Japan,19/01/2023,Power,1.7359
ROW,19/01/2023,Power,8.67783
Russia,19/01/2023,Power,3.99998
Spain,19/01/2023,Power,0.048226
UK,19/01/2023,Power,0.280325
US,19/01/2023,Power,3.85119
WORLD,19/01/2023,Power,41.234
Brazil,20/01/2023,Power,0.133734
China,20/01/2023,Power,15.0413
EU27 & UK,20/01/2023,Power,3.24741
France,20/01/2023,Power,0.15408
Germany,20/01/2023,Power,1.09472
India,20/01/2023,Power,4.37824
Italy,20/01/2023,Power,0.314125
Japan,20/01/2023,Power,1.65247
ROW,20/01/2023,Power,8.6741
Russia,20/01/2023,Power,3.98032
Spain,20/01/2023,Power,0.077145
UK,20/01/2023,Power,0.273689
US,20/01/2023,Power,4.0295
WORLD,20/01/2023,Power,41.1371
Brazil,21/01/2023,Power,0.116101
China,21/01/2023,Power,14.5501
EU27 & UK,21/01/2023,Power,2.64547
France,21/01/2023,Power,0.152343
Germany,21/01/2023,Power,0.955538
India,21/01/2023,Power,4.34439
Italy,21/01/2023,Power,0.218877
Japan,21/01/2023,Power,1.53356
ROW,21/01/2023,Power,8.37191
Russia,21/01/2023,Power,3.90662
Spain,21/01/2023,Power,0.049402
UK,21/01/2023,Power,0.20533
US,21/01/2023,Power,4.29951
WORLD,21/01/2023,Power,39.7676
Brazil,22/01/2023,Power,0.112398
China,22/01/2023,Power,14.5309
EU27 & UK,22/01/2023,Power,2.67964
France,22/01/2023,Power,0.153527
Germany,22/01/2023,Power,0.96109
India,22/01/2023,Power,4.22946
Italy,22/01/2023,Power,0.227615
Japan,22/01/2023,Power,1.51027
ROW,22/01/2023,Power,8.16388
Russia,22/01/2023,Power,3.8678
Spain,22/01/2023,Power,0.047616
UK,22/01/2023,Power,0.204961
US,22/01/2023,Power,4.23679
WORLD,22/01/2023,Power,39.3312
Brazil,23/01/2023,Power,0.11216
China,23/01/2023,Power,14.1832
EU27 & UK,23/01/2023,Power,3.40073
France,23/01/2023,Power,0.168223
Germany,23/01/2023,Power,1.12917
India,23/01/2023,Power,4.28757
Italy,23/01/2023,Power,0.364492
Japan,23/01/2023,Power,1.8479
ROW,23/01/2023,Power,8.81495
Russia,23/01/2023,Power,4.04321
Spain,23/01/2023,Power,0.064928
UK,23/01/2023,Power,0.310055
US,23/01/2023,Power,4.42577
WORLD,23/01/2023,Power,41.1155
Brazil,24/01/2023,Power,0.114471
China,24/01/2023,Power,14.0779
EU27 & UK,24/01/2023,Power,3.57114
France,24/01/2023,Power,0.183083
Germany,24/01/2023,Power,1.15914
India,24/01/2023,Power,4.35473
Italy,24/01/2023,Power,0.380998
Japan,24/01/2023,Power,1.93001
ROW,24/01/2023,Power,8.98863
Russia,24/01/2023,Power,4.08187
Spain,24/01/2023,Power,0.090492
UK,24/01/2023,Power,0.315719
US,24/01/2023,Power,4.57317
WORLD,24/01/2023,Power,41.692
Brazil,25/01/2023,Power,0.11481
China,25/01/2023,Power,14.5182
EU27 & UK,25/01/2023,Power,3.52095
France,25/01/2023,Power,0.192804
Germany,25/01/2023,Power,1.17965
India,25/01/2023,Power,4.27279
Italy,25/01/2023,Power,0.373428
Japan,25/01/2023,Power,2.11573
ROW,25/01/2023,Power,8.87482
Russia,25/01/2023,Power,4.10989
Spain,25/01/2023,Power,0.085159
UK,25/01/2023,Power,0.296236
US,25/01/2023,Power,4.747
WORLD,25/01/2023,Power,42.2742
Brazil,26/01/2023,Power,0.095459
China,26/01/2023,Power,15.0701
EU27 & UK,26/01/2023,Power,3.44378
France,26/01/2023,Power,0.191221
Germany,26/01/2023,Power,1.15606
India,26/01/2023,Power,3.9062
Italy,26/01/2023,Power,0.366092
Japan,26/01/2023,Power,2.04281
ROW,26/01/2023,Power,8.73197
Russia,26/01/2023,Power,4.10185
Spain,26/01/2023,Power,0.0736
UK,26/01/2023,Power,0.268378
US,26/01/2023,Power,4.45215
WORLD,26/01/2023,Power,41.8443
Brazil,27/01/2023,Power,0.088948
China,27/01/2023,Power,15.3731
EU27 & UK,27/01/2023,Power,3.33209
France,27/01/2023,Power,0.18539
Germany,27/01/2023,Power,1.10888
India,27/01/2023,Power,4.0337
Italy,27/01/2023,Power,0.333129
Japan,27/01/2023,Power,2.0739
ROW,27/01/2023,Power,8.95478
Russia,27/01/2023,Power,4.06189
Spain,27/01/2023,Power,0.061709
UK,27/01/2023,Power,0.291836
US,27/01/2023,Power,4.52604
WORLD,27/01/2023,Power,42.4445
Brazil,28/01/2023,Power,0.088746
China,28/01/2023,Power,15.8995
EU27 & UK,28/01/2023,Power,2.97254
France,28/01/2023,Power,0.157308
Germany,28/01/2023,Power,1.02362
India,28/01/2023,Power,4.16954
Italy,28/01/2023,Power,0.260703
Japan,28/01/2023,Power,1.74335
ROW,28/01/2023,Power,8.48701
Russia,28/01/2023,Power,3.93141
Spain,28/01/2023,Power,0.051
UK,28/01/2023,Power,0.279301
US,28/01/2023,Power,4.22448
WORLD,28/01/2023,Power,41.5166
Brazil,29/01/2023,Power,0.09049
China,29/01/2023,Power,16.0654
EU27 & UK,29/01/2023,Power,2.10135
France,29/01/2023,Power,0.141066
Germany,29/01/2023,Power,0.619826
India,29/01/2023,Power,4.09154
Italy,29/01/2023,Power,0.22662
Japan,29/01/2023,Power,1.63687
ROW,29/01/2023,Power,8.24979
Russia,29/01/2023,Power,3.85324
Spain,29/01/2023,Power,0.063726
UK,29/01/2023,Power,0.087438
US,29/01/2023,Power,3.73693
WORLD,29/01/2023,Power,39.8256
Brazil,30/01/2023,Power,0.091239
China,30/01/2023,Power,16.2376
EU27 & UK,30/01/2023,Power,2.36284
France,30/01/2023,Power,0.126998
Germany,30/01/2023,Power,0.555487
India,30/01/2023,Power,4.1399
Italy,30/01/2023,Power,0.329506
Japan,30/01/2023,Power,1.8445
ROW,30/01/2023,Power,8.9385
Russia,30/01/2023,Power,3.98634
Spain,30/01/2023,Power,0.108958
UK,30/01/2023,Power,0.173021
US,30/01/2023,Power,4.12553
WORLD,30/01/2023,Power,41.7265
Brazil,31/01/2023,Power,0.086151
China,31/01/2023,Power,16.4163
EU27 & UK,31/01/2023,Power,2.31714
France,31/01/2023,Power,0.097861
Germany,31/01/2023,Power,0.57383
India,31/01/2023,Power,4.14064
Italy,31/01/2023,Power,0.320878
Japan,31/01/2023,Power,1.86162
ROW,31/01/2023,Power,9.07364
Russia,31/01/2023,Power,3.95128
Spain,31/01/2023,Power,0.107371
UK,31/01/2023,Power,0.126957
US,31/01/2023,Power,5.15851
WORLD,31/01/2023,Power,43.0053
Brazil,01/02/2023,Power,0.085297
China,01/02/2023,Power,11.1612
EU27 & UK,01/02/2023,Power,2.1422
France,01/02/2023,Power,0.116639
Germany,01/02/2023,Power,0.513643
India,01/02/2023,Power,4.13172
Italy,01/02/2023,Power,0.298385
Japan,01/02/2023,Power,1.60594
ROW,01/02/2023,Power,8.92566
Russia,01/02/2023,Power,3.934
Spain,01/02/2023,Power,0.095943
UK,01/02/2023,Power,0.088181
US,01/02/2023,Power,5.44419
WORLD,01/02/2023,Power,37.4302
Brazil,02/02/2023,Power,0.081046
China,02/02/2023,Power,11.5262
EU27 & UK,02/02/2023,Power,2.59704
France,02/02/2023,Power,0.130424
Germany,02/02/2023,Power,0.755253
India,02/02/2023,Power,4.27946
Italy,02/02/2023,Power,0.303294
Japan,02/02/2023,Power,1.45838
ROW,02/02/2023,Power,8.70779
Russia,02/02/2023,Power,3.96195
Spain,02/02/2023,Power,0.130599
UK,02/02/2023,Power,0.107187
US,02/02/2023,Power,5.42921
WORLD,02/02/2023,Power,38.0411
Brazil,03/02/2023,Power,0.083748
China,03/02/2023,Power,11.8438
EU27 & UK,03/02/2023,Power,2.40621
France,03/02/2023,Power,0.108051
Germany,03/02/2023,Power,0.616905
India,03/02/2023,Power,4.32217
Italy,03/02/2023,Power,0.282638
Japan,03/02/2023,Power,1.51626
ROW,03/02/2023,Power,8.73376
Russia,03/02/2023,Power,3.98872
Spain,03/02/2023,Power,0.141372
UK,03/02/2023,Power,0.114162
US,03/02/2023,Power,5.07284
WORLD,03/02/2023,Power,37.9675
Brazil,04/02/2023,Power,0.084432
China,04/02/2023,Power,11.7638
EU27 & UK,04/02/2023,Power,2.43837
France,04/02/2023,Power,0.128864
Germany,04/02/2023,Power,0.780171
India,04/02/2023,Power,4.32779
Italy,04/02/2023,Power,0.204087
Japan,04/02/2023,Power,1.44761
ROW,04/02/2023,Power,8.37613
Russia,04/02/2023,Power,3.8713
Spain,04/02/2023,Power,0.084293
UK,04/02/2023,Power,0.119406
US,04/02/2023,Power,5.16454
WORLD,04/02/2023,Power,37.474
Brazil,05/02/2023,Power,0.083673
China,05/02/2023,Power,11.6515
EU27 & UK,05/02/2023,Power,2.13953
France,05/02/2023,Power,0.076728
Germany,05/02/2023,Power,0.725584
India,05/02/2023,Power,4.19531
Italy,05/02/2023,Power,0.161849
Japan,05/02/2023,Power,1.48494
ROW,05/02/2023,Power,8.1469
Russia,05/02/2023,Power,3.84681
Spain,05/02/2023,Power,0.069924
UK,05/02/2023,Power,0.123994
US,05/02/2023,Power,4.23668
WORLD,05/02/2023,Power,35.7854
Brazil,06/02/2023,Power,0.084321
China,06/02/2023,Power,12.0425
EU27 & UK,06/02/2023,Power,3.17022
France,06/02/2023,Power,0.154607
Germany,06/02/2023,Power,1.01003
India,06/02/2023,Power,4.31481
Italy,06/02/2023,Power,0.301205
Japan,06/02/2023,Power,1.42092
ROW,06/02/2023,Power,8.43125
Russia,06/02/2023,Power,4.0007
Spain,06/02/2023,Power,0.086819
UK,06/02/2023,Power,0.244763
US,06/02/2023,Power,3.83175
WORLD,06/02/2023,Power,37.2965
Brazil,07/02/2023,Power,0.085173
China,07/02/2023,Power,12.1354
EU27 & UK,07/02/2023,Power,3.36841
France,07/02/2023,Power,0.126763
Germany,07/02/2023,Power,1.03323
India,07/02/2023,Power,4.40776
Italy,07/02/2023,Power,0.314095
Japan,07/02/2023,Power,1.51032
ROW,07/02/2023,Power,8.87542
Russia,07/02/2023,Power,3.99753
Spain,07/02/2023,Power,0.134497
UK,07/02/2023,Power,0.294732
US,07/02/2023,Power,3.56485
WORLD,07/02/2023,Power,37.9448
Brazil,08/02/2023,Power,0.08275
China,08/02/2023,Power,12.2304
EU27 & UK,08/02/2023,Power,3.19205
France,08/02/2023,Power,0.136919
Germany,08/02/2023,Power,1.00179
India,08/02/2023,Power,4.45259
Italy,08/02/2023,Power,0.311336
Japan,08/02/2023,Power,1.49786
ROW,08/02/2023,Power,9.0386
Russia,08/02/2023,Power,4.0562
Spain,08/02/2023,Power,0.145274
UK,08/02/2023,Power,0.220882
US,08/02/2023,Power,3.82175
WORLD,08/02/2023,Power,38.3722
Brazil,09/02/2023,Power,0.08666
China,09/02/2023,Power,12.5134
EU27 & UK,09/02/2023,Power,3.02974
France,09/02/2023,Power,0.158168
Germany,09/02/2023,Power,0.906632
India,09/02/2023,Power,4.4448
Italy,09/02/2023,Power,0.335255
Japan,09/02/2023,Power,1.46154
ROW,09/02/2023,Power,9.26482
Russia,09/02/2023,Power,4.02604
Spain,09/02/2023,Power,0.155162
UK,09/02/2023,Power,0.211826
US,09/02/2023,Power,3.93186
WORLD,09/02/2023,Power,38.7589
Brazil,10/02/2023,Power,0.086173
China,10/02/2023,Power,12.5285
EU27 & UK,10/02/2023,Power,2.83756
France,10/02/2023,Power,0.170644
Germany,10/02/2023,Power,0.852293
India,10/02/2023,Power,4.38264
Italy,10/02/2023,Power,0.285558
Japan,10/02/2023,Power,1.55669
ROW,10/02/2023,Power,8.97176
Russia,10/02/2023,Power,3.98637
Spain,10/02/2023,Power,0.147169
UK,10/02/2023,Power,0.171542
US,10/02/2023,Power,3.54939
WORLD,10/02/2023,Power,37.8991
Brazil,11/02/2023,Power,0.08635
China,11/02/2023,Power,12.4508
EU27 & UK,11/02/2023,Power,2.45529
France,11/02/2023,Power,0.17014
Germany,11/02/2023,Power,0.692603
India,11/02/2023,Power,4.39504
Italy,11/02/2023,Power,0.243532
Japan,11/02/2023,Power,1.52635
ROW,11/02/2023,Power,8.51573
Russia,11/02/2023,Power,3.92272
Spain,11/02/2023,Power,0.105509
UK,11/02/2023,Power,0.16785
US,11/02/2023,Power,3.86185
WORLD,11/02/2023,Power,37.2141
Brazil,12/02/2023,Power,0.084328
China,12/02/2023,Power,12.144
EU27 & UK,12/02/2023,Power,2.63746
France,12/02/2023,Power,0.130459
Germany,12/02/2023,Power,0.922591
India,12/02/2023,Power,4.19335
Italy,12/02/2023,Power,0.191499
Japan,12/02/2023,Power,1.49555
ROW,12/02/2023,Power,8.05309
Russia,12/02/2023,Power,3.85906
Spain,12/02/2023,Power,0.101726
UK,12/02/2023,Power,0.201863
US,12/02/2023,Power,3.84729
WORLD,12/02/2023,Power,36.3142
Brazil,13/02/2023,Power,0.08617
China,13/02/2023,Power,12.3082
EU27 & UK,13/02/2023,Power,3.25602
France,13/02/2023,Power,0.160338
Germany,13/02/2023,Power,1.07876
India,13/02/2023,Power,4.2146
Italy,13/02/2023,Power,0.304228
Japan,13/02/2023,Power,1.5273
ROW,13/02/2023,Power,8.57281
Russia,13/02/2023,Power,3.99053
Spain,13/02/2023,Power,0.134668
UK,13/02/2023,Power,0.265205
US,13/02/2023,Power,3.63076
WORLD,13/02/2023,Power,37.5864
Brazil,14/02/2023,Power,0.081827
China,14/02/2023,Power,12.2887
EU27 & UK,14/02/2023,Power,3.34811
France,14/02/2023,Power,0.16649
Germany,14/02/2023,Power,1.11017
India,14/02/2023,Power,4.40458
Italy,14/02/2023,Power,0.297446
Japan,14/02/2023,Power,1.46577
ROW,14/02/2023,Power,8.79615
Russia,14/02/2023,Power,3.94296
Spain,14/02/2023,Power,0.130893
UK,14/02/2023,Power,0.243818
US,14/02/2023,Power,3.6552
WORLD,14/02/2023,Power,37.9833
Brazil,15/02/2023,Power,0.081639
China,15/02/2023,Power,12.6171
EU27 & UK,15/02/2023,Power,3.23729
France,15/02/2023,Power,0.167814
Germany,15/02/2023,Power,1.06895
India,15/02/2023,Power,4.45646
Italy,15/02/2023,Power,0.304975
Japan,15/02/2023,Power,1.62363
ROW,15/02/2023,Power,8.93098
Russia,15/02/2023,Power,4.01986
Spain,15/02/2023,Power,0.163144
UK,15/02/2023,Power,0.170155
US,15/02/2023,Power,3.33365
WORLD,15/02/2023,Power,38.3006
Brazil,16/02/2023,Power,0.081981
China,16/02/2023,Power,12.5976
EU27 & UK,16/02/2023,Power,2.95232
France,16/02/2023,Power,0.136327
Germany,16/02/2023,Power,0.937565
India,16/02/2023,Power,4.4697
Italy,16/02/2023,Power,0.320447
Japan,16/02/2023,Power,1.46331
ROW,16/02/2023,Power,8.89458
Russia,16/02/2023,Power,4.07085
Spain,16/02/2023,Power,0.163887
UK,16/02/2023,Power,0.165726
US,16/02/2023,Power,3.32161
WORLD,16/02/2023,Power,37.852
Brazil,17/02/2023,Power,0.081191
China,17/02/2023,Power,12.548
EU27 & UK,17/02/2023,Power,2.19519
France,17/02/2023,Power,0.099722
Germany,17/02/2023,Power,0.478467
India,17/02/2023,Power,4.51512
Italy,17/02/2023,Power,0.311846
Japan,17/02/2023,Power,1.45551
ROW,17/02/2023,Power,8.97009
Russia,17/02/2023,Power,4.07722
Spain,17/02/2023,Power,0.129361
UK,17/02/2023,Power,0.096027
US,17/02/2023,Power,3.72715
WORLD,17/02/2023,Power,37.5694
Brazil,18/02/2023,Power,0.091962
China,18/02/2023,Power,12.4788
EU27 & UK,18/02/2023,Power,1.68128
France,18/02/2023,Power,0.076991
Germany,18/02/2023,Power,0.391311
India,18/02/2023,Power,4.49191
Italy,18/02/2023,Power,0.20935
Japan,18/02/2023,Power,1.44648
ROW,18/02/2023,Power,8.52199
Russia,18/02/2023,Power,3.98998
Spain,18/02/2023,Power,0.092907
UK,18/02/2023,Power,0.074197
US,18/02/2023,Power,4.24296
WORLD,18/02/2023,Power,36.9454
Brazil,19/02/2023,Power,0.088139
China,19/02/2023,Power,12.0922
EU27 & UK,19/02/2023,Power,1.71507
France,19/02/2023,Power,0.084106
Germany,19/02/2023,Power,0.435321
India,19/02/2023,Power,4.35339
Italy,19/02/2023,Power,0.184134
Japan,19/02/2023,Power,1.46257
ROW,19/02/2023,Power,7.89959
Russia,19/02/2023,Power,3.88726
Spain,19/02/2023,Power,0.097274
UK,19/02/2023,Power,0.086197
US,19/02/2023,Power,3.52589
WORLD,19/02/2023,Power,35.0241
Brazil,20/02/2023,Power,0.088743
China,20/02/2023,Power,12.3665
EU27 & UK,20/02/2023,Power,2.06358
France,20/02/2023,Power,0.119359
Germany,20/02/2023,Power,0.470864
India,20/02/2023,Power,4.43409
Italy,20/02/2023,Power,0.298808
Japan,20/02/2023,Power,1.51795
ROW,20/02/2023,Power,8.46875
Russia,20/02/2023,Power,4.02927
Spain,20/02/2023,Power,0.131517
UK,20/02/2023,Power,0.116775
US,20/02/2023,Power,3.28054
WORLD,20/02/2023,Power,36.2494
Brazil,21/02/2023,Power,0.085304
China,21/02/2023,Power,12.4184
EU27 & UK,21/02/2023,Power,2.76082
France,21/02/2023,Power,0.141602
Germany,21/02/2023,Power,0.769102
India,21/02/2023,Power,4.46727
Italy,21/02/2023,Power,0.314245
Japan,21/02/2023,Power,1.58121
ROW,21/02/2023,Power,8.59423
Russia,21/02/2023,Power,4.00541
Spain,21/02/2023,Power,0.165746
UK,21/02/2023,Power,0.214819
US,21/02/2023,Power,3.49392
WORLD,21/02/2023,Power,37.4065
Brazil,22/02/2023,Power,0.084395
China,22/02/2023,Power,12.7143
EU27 & UK,22/02/2023,Power,3.23349
France,22/02/2023,Power,0.143252
Germany,22/02/2023,Power,0.989467
India,22/02/2023,Power,4.5441
Italy,22/02/2023,Power,0.331268
Japan,22/02/2023,Power,1.53438
ROW,22/02/2023,Power,8.69376
Russia,22/02/2023,Power,3.9927
Spain,22/02/2023,Power,0.171619
UK,22/02/2023,Power,0.250736
US,22/02/2023,Power,3.47391
WORLD,22/02/2023,Power,38.271
Brazil,23/02/2023,Power,0.091723
China,23/02/2023,Power,12.8806
EU27 & UK,23/02/2023,Power,3.0997
France,23/02/2023,Power,0.142741
Germany,23/02/2023,Power,1.01318
India,23/02/2023,Power,4.53263
Italy,23/02/2023,Power,0.328582
Japan,23/02/2023,Power,1.47193
ROW,23/02/2023,Power,8.7609
Russia,23/02/2023,Power,3.9289
Spain,23/02/2023,Power,0.141797
UK,23/02/2023,Power,0.208392
US,23/02/2023,Power,3.62345
WORLD,23/02/2023,Power,38.3898
Brazil,24/02/2023,Power,0.08839
China,24/02/2023,Power,12.6689
EU27 & UK,24/02/2023,Power,2.64029
France,24/02/2023,Power,0.138321
Germany,24/02/2023,Power,0.756241
India,24/02/2023,Power,4.52782
Italy,24/02/2023,Power,0.296068
Japan,24/02/2023,Power,1.44001
ROW,24/02/2023,Power,8.80865
Russia,24/02/2023,Power,3.90594
Spain,24/02/2023,Power,0.161469
UK,24/02/2023,Power,0.14378
US,24/02/2023,Power,3.9873
WORLD,24/02/2023,Power,38.0673
Brazil,25/02/2023,Power,0.094886
China,25/02/2023,Power,12.3946
EU27 & UK,25/02/2023,Power,1.94365
France,25/02/2023,Power,0.13098
Germany,25/02/2023,Power,0.494755
India,25/02/2023,Power,4.52302
Italy,25/02/2023,Power,0.206929
Japan,25/02/2023,Power,1.40005
ROW,25/02/2023,Power,8.34319
Russia,25/02/2023,Power,3.84858
Spain,25/02/2023,Power,0.125374
UK,25/02/2023,Power,0.114907
US,25/02/2023,Power,4.47929
WORLD,25/02/2023,Power,37.0272
Brazil,26/02/2023,Power,0.093126
China,26/02/2023,Power,12.1743
EU27 & UK,26/02/2023,Power,1.9178
France,26/02/2023,Power,0.090492
Germany,26/02/2023,Power,0.539504
India,26/02/2023,Power,4.40956
Italy,26/02/2023,Power,0.177602
Japan,26/02/2023,Power,1.45495
ROW,26/02/2023,Power,7.78465
Russia,26/02/2023,Power,3.75539
Spain,26/02/2023,Power,0.074022
UK,26/02/2023,Power,0.168338
US,26/02/2023,Power,4.15959
WORLD,26/02/2023,Power,35.7493
Brazil,27/02/2023,Power,0.098643
China,27/02/2023,Power,11.9885
EU27 & UK,27/02/2023,Power,3.02649
France,27/02/2023,Power,0.157585
Germany,27/02/2023,Power,0.957773
India,27/02/2023,Power,4.53738
Italy,27/02/2023,Power,0.304743
Japan,27/02/2023,Power,1.4967
ROW,27/02/2023,Power,8.62004
Russia,27/02/2023,Power,3.87194
Spain,27/02/2023,Power,0.085993
UK,27/02/2023,Power,0.288503
US,27/02/2023,Power,3.37006
WORLD,27/02/2023,Power,37.0097
Brazil,28/02/2023,Power,0.095925
China,28/02/2023,Power,12.1203
EU27 & UK,28/02/2023,Power,3.19429
France,28/02/2023,Power,0.16525
Germany,28/02/2023,Power,0.962356
India,28/02/2023,Power,4.51793
Italy,28/02/2023,Power,0.32868
Japan,28/02/2023,Power,1.41644
ROW,28/02/2023,Power,8.90419
Russia,28/02/2023,Power,3.86812
Spain,28/02/2023,Power,0.099284
UK,28/02/2023,Power,0.324028
US,28/02/2023,Power,3.62734
WORLD,28/02/2023,Power,37.7445
,,,
carbonmonitor.org,,,
"April 14th, 2023",,,
,,,
,,,
